{"data_time": 0.005374708503950387, "eta_seconds": 46583.415509829065, "iteration": 19, "lr": 0.00019999997216463264, "rank_data_time": 0.001064602518454194, "time": 0.5824383034487255, "total_loss": 0.1768863946199417}
{"data_time": 0.0017562000430189073, "iteration": 30, "lr": 0.0001999999306043521, "rank_data_time": 0.0009640119969844818, "time": 0.5792772204731591, "total_loss": 0.10060383286327124}
{"eta_seconds": 46523.10506693646, "iteration": 31}
